{"schemaVersion":"1.0","appDefinitionTemplate":{"id":"/providers/Microsoft.PowerApps/apps/","type":"Microsoft.PowerApps/apps","tags":{"primaryDeviceWidth":"1366","primaryDeviceHeight":"768","supportsPortrait":"true","supportsLandscape":"true","primaryFormFactor":"Tablet","showStatusBar":"false","publisherVersion":"3.24081.8","minimumRequiredApiVersion":"2.2.0","hasComponent":"false","hasUnlockedComponent":"false","isUnifiedRootApp":"false","sienaVersion":"20240813T034039Z-3.24081.8.0"},"properties":{"appVersion":"2024-08-13T03:40:39Z","lifeCycleId":"Published","createdByClientVersion":{"major":3,"minor":24081,"build":8,"revision":0,"majorRevision":0,"minorRevision":0},"minClientVersion":{"major":3,"minor":24081,"build":8,"revision":0,"majorRevision":0,"minorRevision":0},"backgroundColor":"rgba(50, 86, 160, 1)","backgroundImageUri":"/16575081866457229990/N94a76045-a119-4198-927a-46754d78782c-logoSmallFile","displayName":"Meetings","description":"","commitMessage":"","appUris":{"documentUri":{"value":"/16575081866457229990/Nf95f2433-bbde-4224-ab67-355685f141cd-document.msapp"},"imageUris":[],"additionalUris":[{"isSolutionAware":false,"value":"/16575081866457229990/Na592dc23-e46f-46b3-8bfe-09f577599124-identity.json"}]},"createdTime":"0001-01-01T00:00:00Z","lastModifiedTime":"0001-01-01T00:00:00Z","sharedGroupsCount":0,"sharedUsersCount":0,"connectionReferences":{},"databaseReferences":{},"almMode":"Environment","performanceOptimizationEnabled":true,"canConsumeAppPass":true,"enableModernRuntimeMode":false,"executionRestrictions":{"isTeamsOnly":false,"dataLossPreventionEvaluationResult":{"status":"Compliant","lastEvaluationDate":"2024-08-13T03:02:35.8410693Z","violations":[],"violationsByPolicy":[],"violationErrorMessage":"The app uses the following connectors: ."}}},"appType":"ClassicCanvasApp","appComponents":[]}}