{"schemaVersion":"1.0","appDefinitionTemplate":{"id":"/providers/Microsoft.PowerApps/apps/","type":"Microsoft.PowerApps/apps","tags":{"primaryDeviceWidth":"640","primaryDeviceHeight":"1136","supportsPortrait":"true","supportsLandscape":"true","primaryFormFactor":"Phone","showStatusBar":"false","publisherVersion":"3.24082.13","minimumRequiredApiVersion":"2.2.0","hasComponent":"true","hasUnlockedComponent":"true","isUnifiedRootApp":"false","sienaVersion":"20240827T052258Z-3.24082.13.0"},"properties":{"appVersion":"2024-08-27T05:22:58Z","lifeCycleId":"Published","createdByClientVersion":{"major":3,"minor":24082,"build":13,"revision":0,"majorRevision":0,"minorRevision":0},"minClientVersion":{"major":3,"minor":24082,"build":13,"revision":0,"majorRevision":0,"minorRevision":0},"backgroundColor":"rgba(102, 182, 227, 1)","backgroundImageUri":"/3541469303561949283/N21ee826f-5c8d-4343-bc32-2c86e53be9ad-logoSmallFile","displayName":"Accounts App","description":"","commitMessage":"","appUris":{"documentUri":{"value":"/3541469303561949283/Ndf6f0d4e-9563-403c-bd92-54f03e9adf9e-document.msapp"},"imageUris":[],"additionalUris":[{"isSolutionAware":false,"value":"/3541469303561949283/Ndd65c6e0-fd96-4325-b5ce-50783d3ff5b3-identity.json"}]},"createdTime":"0001-01-01T00:00:00Z","lastModifiedTime":"0001-01-01T00:00:00Z","sharedGroupsCount":0,"sharedUsersCount":0,"connectionReferences":{"68e704d2-b28f-4f7f-81e5-9fba5cfdf5bf":{"id":"90733d3f-bd90-497f-84fc-8b061019c2b8","displayName":"Logic flows","iconUri":"https://connectoricons-prod.azureedge.net/releases/v1.0.1697/1.0.1697.3780/logicflows/icon.png","dataSources":["PowerAppV2->AutomateCanvas"],"dependencies":[],"dependents":[],"parameterHints":{"workflowName":{"value":"cbac51b8-d355-4740-8791-98970fc86c28"},"workflowEntityId":{},"workflowDisplayName":{"value":"PowerAppV2 -> AutomateCanvas"}},"parameterHintsV2":{"workflowName":{"value":"cbac51b8-d355-4740-8791-98970fc86c28"},"workflowEntityId":{},"workflowDisplayName":{"value":"PowerAppV2 -> AutomateCanvas"}},"isOnPremiseConnection":false,"bypassConsent":false,"dataSets":{},"apiTier":"Standard","isCustomApiConnection":false,"actions":["Run"]}},"databaseReferences":{"default.cds":{"databaseDetails":{"referenceType":"Environmental","environmentName":"default.cds","overrideValues":{"status":"NotSpecified","environmentVariableName":""}},"dataSources":{"Accounts":{"entitySetName":"accounts","logicalName":"account","isHidden":false},"Expenses":{"entitySetName":"crbad_expenses","logicalName":"crbad_expense","isHidden":false}},"actions":["providers/PowerPlatform.Governance/Operations/Read","providers/PowerPlatform.Governance/Operations/Write","providers/PowerPlatform.Governance/Operations/Delete"]}},"almMode":"Environment","performanceOptimizationEnabled":false,"canConsumeAppPass":false,"enableModernRuntimeMode":false,"executionRestrictions":{"isTeamsOnly":false,"dataLossPreventionEvaluationResult":{"status":"Compliant","lastEvaluationDate":"2024-08-21T12:47:21.0117976Z","violations":[],"violationsByPolicy":[],"violationErrorMessage":"The app uses the following connectors: shared_logicflows, shared_commondataservice."},"httpActionRestriction":{"appUsesSharepointHttpAction":false,"enforcementStrategy":"Legacy","evaluationTime":"2024-08-21T12:47:21.0116997Z"}}},"appType":"ClassicCanvasApp","appComponents":[]}}