﻿"cr17b_userprofileimageid","importsequencenumber","statuscode","statecode","timezoneruleversionnumber","cr17b_trainingportaluserid","cr17b_useremail","cr17b_usernumber","cr17b_username","cr17b_userprofileimage","utcconversiontimezonecode","versionnumber","owningbusinessunit"
"","","1","0","","2ea02d51-de53-ef11-bfe3-7c1e523281ef","username4@gmail.com","User-1003","User Name 4","","","2190397","9a196730-c947-ef11-accd-7c1e523305bb"
"","","1","0","","158d464a-de53-ef11-bfe3-7c1e523281ef","username3@gmail.com","User-1002","User Name 3","","","2190396","9a196730-c947-ef11-accd-7c1e523305bb"
"","","1","0","","bba13641-de53-ef11-bfe3-7c1e523281ef","username2@gmail.com","User-1001","User Name 2","","","2190394","9a196730-c947-ef11-accd-7c1e523305bb"
"","","1","0","","b8a13641-de53-ef11-bfe3-7c1e523281ef","username1@gmail.com","User-1000","User Name 1","","","2190392","9a196730-c947-ef11-accd-7c1e523305bb"
