﻿"cr17b_additionalresources","cr17b_category","cr17b_coursenumber","cr17b_title","cr17b_date","cr17b_description","cr17b_featured","cr17b_format","importsequencenumber","cr17b_instructor","cr17b_length","cr17b_spotsavailable","statuscode","statecode","timezoneruleversionnumber","cr17b_trainingportalcontentid","utcconversiontimezonecode","versionnumber","cr17b_videourl","owningbusinessunit"
"","Power Platform","Course#-1020","New Course for Intermediate","","desc","False","","","765380000","22","","1","0","","c71b8357-3859-ef11-bfe3-7c1e523281ef","","2274391","https://youtu.be/fE-CZS-64Us?si=vJPNntDyKjyw3c3M","9a196730-c947-ef11-accd-7c1e523305bb"
"","Power Platform","Course#-1019","New Course for beginners","","New course for beginners","False","","","765380000","12","","1","0","","ef791f07-3759-ef11-bfe3-7c1e523281ef","","2274388","https://youtu.be/fE-CZS-64Us?si=vJPNntDyKjyw3c3M","9a196730-c947-ef11-accd-7c1e523305bb"
"","Power","Course#-1018","Power Apps beginner course","","New course for beginners","False","","","765380000","22","","1","0","","d7572b55-3659-ef11-bfe3-7c1e523281ef","","2274385","https://youtu.be/fE-CZS-64Us?si=uavZX-SVRLzcuqAI","9a196730-c947-ef11-accd-7c1e523305bb"
"","Teams","Course#-1017","New course","","description","False","","","765380001","30","","1","0","","f7a43c86-ad58-ef11-bfe3-7c1e523281ef","","2273304","Https://something","9a196730-c947-ef11-accd-7c1e523305bb"
"https://support.microsoft.com/en-us/teams","Teams","Course#-1016","Teams Easy Button with Flic","","See how you can combine Microsoft Teams Shortcuts with your Flic Smart Buttons to create a Teams ""Easy Button"".

This demo uses the Flic Mac OS application in combination with the Keyboard Maestro app ( which I believe only works for Mac OS) to enter the keyboard shortcuts on click.","False","","","765380000","11","","1","0","","e731e2e0-6f58-ef11-bfe3-7c1e523281ef","","2273271","https://youtu.be/dmS-cfkCmc8?si=c1r8t_spNRNsJjNg","9a196730-c947-ef11-accd-7c1e523305bb"
"https://www.sharepointsiren.com/2019/03/open-powerapp-sharepoint-formatting/","Power Platform","Course#-1004","PowerApps Deep Linking","","Learn how to create Deep Links in your PowerApps applications.  Deep Links enabled you to navigate your users directly to another screen nested in your app.  You can use the Param() function in PowerApps to look for parameters in your URL and move to the appropriate screen.  I also show a use case for this deep linking capability using SharePoint Column Formatting to go directly to an edit screen in your PowerApp.","True","","","765380000","13","","1","0","","da5daebd-4b56-ef11-bfe3-7c1e523281ef","","2195356","https://youtu.be/EZyxlYtzqTQ?si=gWDSzcyey-NnhDva","9a196730-c947-ef11-accd-7c1e523305bb"
"https://learn.microsoft.com/en-us/power-apps/maker/canvas-apps/delegation-overview","Power Platform","Course#-1005","Creating Search Boxes in Power Apps","","When you're surfacing up data in a Power App you'll probably need a way to search through all of the items.  In this video I walk through how to create a search box and use it to filter items in a gallery.  I show two different ways to interact with the search box.","False","","","765380000","12","","1","0","","93e95423-4c56-ef11-bfe3-7c1e523281ef","","2195354","https://youtu.be/f-D99120E8Y?si=Agp0kkCtwdAwW-QQ","9a196730-c947-ef11-accd-7c1e523305bb"
"","Teams","Course#-1008","Microsoft Teams Bookmarking","","Are  you struggling to keep up with all of the data in Microsoft Teams?  Learn how you can leverage Microsoft Teams Bookmarking to easily save important messages that you want to reference later on.","True","","","765380000","2","","1","0","","3fff0bd6-4c56-ef11-bfe3-7c1e523281ef","","2195352","https://youtu.be/3VWjXy0-Izk?si=KTT9pr1vrKmNcyov","9a196730-c947-ef11-accd-7c1e523305bb"
"https://github.com/aprildunnam/PowerApps/tree/master/Required%20Training%20Template","Power Platform","Course#-1002","PowerApps Training App Template","","In this Template Tuesday video I demo my Training Assignment App.  This template gives you a way to explore and manage required training tasks.  You can explore different kinds of video training, assign training to users, and users can see and complete their training task assignments.","True","","","765380000","15","","1","0","","7c5a0623-4b56-ef11-bfe3-7c1e523281ef","","2195350","https://youtu.be/emJmyQZBwVg?si=1NbbyXzVaz9CVwsD","9a196730-c947-ef11-accd-7c1e523305bb"
"","Teams","Course#-1009","Microsoft Teams Tags","","This Teams Quick Tip is all about Microsoft Teams Tags.  In the video I show how you can tag/at mention an individual person, a channel, and how to create your own custom tags so that you can easily tag groups of people.","False","","","765380000","2","","1","0","","a0cd7bef-4c56-ef11-bfe3-7c1e523281ef","","2195342","https://youtu.be/iDC0oQ_kPVg?si=66XIGIr9K_1kwcFE","9a196730-c947-ef11-accd-7c1e523305bb"
"","Teams","Course#-1007","Teams Quick Tip: Working with Tabs","","I know that many of us have been thrust into working from home and as a result we are all using Microsoft Teams a lot more.  So, to help with the transition I decided to put together some Teams ""Quick Tips"" to help you become familiar with all of the features.","False","","","765380000","2","","1","0","","e0b882a3-4c56-ef11-bfe3-7c1e523281ef","","2195337","https://youtu.be/BYyYuELZcOg?si=-ULyKz0gU0JwrsWs","9a196730-c947-ef11-accd-7c1e523305bb"
"https://www.sharepointsiren.com/2019/12/paginated-galleries-in-power-apps/","Power Platform","Course#-1003","Power Apps Paginated Galleries","","In this video, I demonstrate how to add pagination to your Power Apps Galleries.  This technique utilize collections, the LastN & FirstN functions and the With function to help break down your data source into bite sized chunks.","False","","","765380000","13","","1","0","","7624b46a-4b56-ef11-bfe3-7c1e523281ef","","2195330","https://youtu.be/LJJlomo0Kcc?si=jApVK2_Qg267ulZ1","9a196730-c947-ef11-accd-7c1e523305bb"
